ts_utc,status,mean_oos_auc,min_oos_auc,n_rows,n_folds,reason,dry_run
2026-05-18 16:50:38,PASS,0.5511,0.5032,31620,5,"mean OOS AUC 0.5511, min 0.5032, rows 31620",False
2026-05-19 16:53:14,PASS,0.5536,0.5072,31637,5,"mean OOS AUC 0.5536, min 0.5072, rows 31637",False
2026-05-20 16:58:11,PASS,0.5524,0.5039,31654,5,"mean OOS AUC 0.5524, min 0.5039, rows 31654",False
2026-05-21 16:42:14,PASS,0.5527,0.5042,31671,5,"mean OOS AUC 0.5527, min 0.5042, rows 31671",False
2026-05-22 16:31:39,PASS,0.5512,0.5062,31688,5,"mean OOS AUC 0.5512, min 0.5062, rows 31688",False
2026-05-25 16:27:37,PASS,0.5519,0.5093,31705,5,"mean OOS AUC 0.5519, min 0.5093, rows 31705",False
2026-05-26 17:30:29,PASS,0.5494,0.5066,31705,5,"mean OOS AUC 0.5494, min 0.5066, rows 31705",False
2026-05-27 17:26:04,PASS,0.55,0.5072,31722,5,"mean OOS AUC 0.5500, min 0.5072, rows 31722",False
2026-05-28 17:37:36,PASS,0.5517,0.5043,31739,5,"mean OOS AUC 0.5517, min 0.5043, rows 31739",False
2026-05-29 17:38:17,PASS,0.551,0.4993,31756,5,"mean OOS AUC 0.5510, min 0.4993, rows 31756",False
2026-06-01 19:23:27,PASS,0.5469,0.4988,31773,5,"mean OOS AUC 0.5469, min 0.4988, rows 31773",False
2026-06-02 18:08:54,PASS,0.5506,0.508,31790,5,"mean OOS AUC 0.5506, min 0.5080, rows 31790",False
2026-06-03 18:25:48,PASS,0.5509,0.5057,31807,5,"mean OOS AUC 0.5509, min 0.5057, rows 31807",False
2026-06-04 16:58:35,PASS,0.5514,0.5074,31824,5,"mean OOS AUC 0.5514, min 0.5074, rows 31824",False
2026-06-05 16:33:00,PASS,0.5502,0.5012,31841,5,"mean OOS AUC 0.5502, min 0.5012, rows 31841",False
2026-06-08 17:26:23,PASS,0.549,0.5193,31858,5,"mean OOS AUC 0.5490, min 0.5193, rows 31858",False
2026-06-09 16:34:44,PASS,0.5521,0.5147,31875,5,"mean OOS AUC 0.5521, min 0.5147, rows 31875",False
2026-06-10 17:27:27,PASS,0.5511,0.5183,31892,5,"mean OOS AUC 0.5511, min 0.5183, rows 31892",False
2026-06-11 17:40:11,PASS,0.5489,0.5102,31909,5,"mean OOS AUC 0.5489, min 0.5102, rows 31909",False
